Ημερομηνία,Tweets AdonisGeorgiadi,Retweets AdonisGeorgiadi,Αγαπημένα AdonisGeorgiadi,Συναίσθημα AdonisGeorgiadi,Tweets με URL AdonisGeorgiadi,Tweets PanosKammenos,Retweets PanosKammenos,Αγαπημένα PanosKammenos,Συναίσθημα PanosKammenos,Tweets με URL PanosKammenos,Tweets rachelmakri,Retweets rachelmakri,Αγαπημένα rachelmakri,Συναίσθημα rachelmakri,Tweets με URL rachelmakri
2014-10-15,0,0,0,0,0,4,58,12,0,3,0,0,0,0,0
2014-10-16,0,0,0,0,0,5,63,5,0,5,0,0,0,0,0
2014-10-17,0,0,0,0,0,16,282,16,3,11,0,0,0,0,0
2014-10-18,0,0,0,0,0,2,8,16,0,1,0,0,0,0,0
2014-10-19,0,0,0,0,0,1,7,0,0,1,0,0,0,0,0
2014-10-20,0,0,0,0,0,1,24,31,65,1,0,0,0,0,0
2014-10-21,0,0,0,0,0,0,0,0,0,0,0,0,0,0,0
2014-10-22,0,0,0,0,0,13,150,41,3,12,0,0,0,0,0
2014-10-23,0,0,0,0,0,2,25,21,1,1,0,0,0,0,0
2014-10-24,0,0,0,0,0,1,7,0,0,1,0,0,0,0,0
2014-10-25,0,0,0,0,0,7,60,42,1,7,0,0,0,0,0
2014-10-26,0,0,0,0,0,16,126,52,29,2,0,0,0,0,0
2014-10-27,0,0,0,0,0,1,6,7,0,1,0,0,0,0,0
2014-10-28,0,0,0,0,0,2,25,22,0,1,0,0,0,0,0
2014-10-29,0,0,0,0,0,5,37,10,0,5,0,0,0,0,0
2014-10-30,0,0,0,0,0,8,106,60,0,6,0,0,0,0,0
2014-10-31,0,0,0,0,0,10,65,82,19,9,0,0,0,0,0
2014-11-01,0,0,0,0,0,2,19,37,69,1,0,0,0,0,0
2014-11-02,0,0,0,0,0,2,22,20,0,1,0,0,0,0,0
2014-11-03,0,0,0,0,0,10,86,31,72,5,0,0,0,0,0
2014-11-04,0,0,0,0,0,12,92,58,2,10,0,0,0,0,0
2014-11-05,0,0,0,0,0,8,62,36,3,6,0,0,0,0,0
2014-11-06,0,0,0,0,0,4,65,25,2,4,0,0,0,0,0
2014-11-07,0,0,0,0,0,1,1,2,0,0,0,0,0,0,0
2014-11-08,0,0,0,0,0,11,92,64,0,10,0,0,0,0,0
2014-11-09,0,0,0,0,0,5,41,30,1,3,0,0,0,0,0
2014-11-10,0,0,0,0,0,7,45,58,-4,1,0,0,0,0,0
2014-11-11,0,0,0,0,0,7,54,54,0,4,0,0,0,0,0
2014-11-12,0,0,0,0,0,6,90,78,0,5,0,0,0,0,0
2014-11-13,0,0,0,0,0,0,0,0,0,0,0,0,0,0,0
2014-11-14,0,0,0,0,0,9,146,61,2,7,0,0,0,0,0
2014-11-15,0,0,0,0,0,3,823,14,1,3,0,0,0,0,0
2014-11-16,0,0,0,0,0,6,53,41,1,6,0,0,0,0,0
2014-11-17,0,0,0,0,0,0,0,0,0,0,0,0,0,0,0
2014-11-18,0,0,0,0,0,3,44,23,0,3,0,0,0,0,0
2014-11-19,0,0,0,0,0,5,48,21,1,3,0,0,0,0,0
2014-11-20,0,0,0,0,0,15,114,91,0,8,0,0,0,0,0
2014-11-21,0,0,0,0,0,4,49,21,1,4,0,0,0,0,0
2014-11-22,0,0,0,0,0,0,0,0,0,0,0,0,0,0,0
2014-11-23,0,0,0,0,0,2,15,0,0,2,0,0,0,0,0
2014-11-24,0,0,0,0,0,7,42,34,50,4,0,0,0,0,0
2014-11-25,0,0,0,0,0,8,53,25,0,5,0,0,0,0,0
2014-11-26,0,0,0,0,0,5,20,8,1,1,0,0,0,0,0
2014-11-27,0,0,0,0,0,12,133,85,-2,8,0,0,0,0,0
2014-11-28,0,0,0,0,0,5,43,63,0,3,0,0,0,0,0
2014-11-29,0,0,0,0,0,4,58,30,11,3,0,0,0,0,0
2014-11-30,0,0,0,0,0,6,54,15,30,6,0,0,0,0,0
2014-12-01,0,0,0,0,0,10,70,11,87,6,0,0,0,0,0
2014-12-02,0,0,0,0,0,7,181,19,134,6,0,0,0,0,0
2014-12-03,0,0,0,0,0,16,143,84,2,15,0,0,0,0,0
2014-12-04,0,0,0,0,0,18,140,97,33,12,0,0,0,0,0
2014-12-05,0,0,0,0,0,11,106,19,4,10,0,0,0,0,0
2014-12-06,0,0,0,0,0,6,70,31,4,5,0,0,0,0,0
2014-12-07,0,0,0,0,0,8,152,52,2,7,0,0,0,0,0
2014-12-08,0,0,0,0,0,0,0,0,0,0,0,0,0,0,0
2014-12-09,0,0,0,0,0,3,52,51,1,0,0,0,0,0,0
2014-12-10,0,0,0,0,0,8,77,51,0,5,0,0,0,0,0
2014-12-11,0,0,0,0,0,27,418,146,5,19,0,0,0,0,0
2014-12-12,0,0,0,0,0,6,103,41,-1,6,0,0,0,0,0
2014-12-13,0,0,0,0,0,5,37,25,-1,5,0,0,0,0,0
2014-12-14,0,0,0,0,0,9,75,51,2,7,0,0,0,0,0
2014-12-15,0,0,0,0,0,15,239,84,131,9,0,0,0,0,0
2014-12-16,0,0,0,0,0,2,18,0,0,2,0,0,0,0,0
2014-12-17,0,0,0,0,0,8,115,23,1,4,0,0,0,0,0
2014-12-18,0,0,0,0,0,11,87,38,0,10,0,0,0,0,0
2014-12-19,0,0,0,0,0,34,615,347,7,18,0,0,0,0,0
2014-12-20,0,0,0,0,0,17,305,91,3,8,0,0,0,0,0
2014-12-21,0,0,0,0,0,8,498,104,50,3,0,0,0,0,0
2014-12-22,0,0,0,0,0,57,1276,171,42,21,0,0,0,0,0
2014-12-23,0,0,0,0,0,12,165,65,2,9,0,0,0,0,0
2014-12-24,0,0,0,0,0,13,207,150,302,9,0,0,0,0,0
2014-12-25,0,0,0,0,0,6,93,90,66,4,0,0,0,0,0
2014-12-26,0,0,0,0,0,2,81,39,0,1,0,0,0,0,0
2014-12-27,0,0,0,0,0,12,180,122,66,8,0,0,0,0,0
2014-12-28,0,0,0,0,0,10,164,127,4,4,0,0,0,0,0
2014-12-29,0,0,0,0,0,6,95,42,0,3,0,0,0,0,0
2014-12-30,0,0,0,0,0,14,241,21,0,10,0,0,0,0,0
2014-12-31,0,0,0,0,0,11,165,88,461,6,0,0,0,0,0
2015-01-01,0,0,0,0,0,11,264,92,269,2,0,0,0,0,0
2015-01-02,0,0,0,0,0,5,85,4,28,3,0,0,0,0,0
2015-01-03,0,0,0,0,0,5,101,67,69,4,0,0,0,0,0
2015-01-04,0,0,0,0,0,0,0,0,0,0,0,0,0,0,0
2015-01-05,0,0,0,0,0,13,112,9,1,11,0,0,0,0,0
2015-01-06,0,0,0,0,0,14,143,0,1,14,0,0,0,0,0
2015-01-07,0,0,0,0,0,10,246,87,2,7,0,0,0,0,0
2015-01-08,0,0,0,0,0,0,0,0,0,0,0,0,0,0,0
2015-01-09,0,0,0,0,0,6,177,39,1,3,0,0,0,0,0
2015-01-10,0,0,0,0,0,33,527,55,10,28,0,0,0,0,0
2015-01-11,0,0,0,0,0,18,670,92,71,14,0,0,0,0,0
2015-01-12,0,0,0,0,0,28,983,127,364,25,0,0,0,0,0
2015-01-13,0,0,0,0,0,2,269,21,0,2,0,0,0,0,0
2015-01-14,0,0,0,0,0,27,447,96,70,25,0,0,0,0,0
2015-01-15,0,0,0,0,0,16,325,126,0,12,0,0,0,0,0
2015-01-16,0,0,0,0,0,13,141,29,0,12,0,0,0,0,0
2015-01-17,0,0,0,0,0,12,261,32,347,11,0,0,0,0,0
2015-01-18,0,0,0,0,0,9,164,69,72,8,0,0,0,0,0
2015-01-19,0,0,0,0,0,5,80,0,209,4,0,0,0,0,0
2015-01-20,0,0,0,0,0,8,172,2,69,6,0,0,0,0,0
2015-01-21,0,0,0,0,0,27,580,149,2,24,0,0,0,0,0
2015-01-22,0,0,0,0,0,7,58,38,0,5,0,0,0,0,0
2015-01-23,0,0,0,0,0,22,709,185,210,18,0,0,0,0,0
2015-01-24,0,0,0,0,0,12,209,304,66,11,0,0,0,0,0
2015-01-25,0,0,0,0,0,11,298,422,137,6,0,0,0,0,0
2015-01-26,0,0,0,0,0,0,0,0,0,0,0,0,0,0,0
2015-01-27,0,0,0,0,0,1,80,131,0,0,0,0,0,0,0
2015-01-28,0,0,0,0,0,2,100,46,0,1,0,0,0,0,0
2015-01-29,0,0,0,0,0,5,201,204,0,5,0,0,0,0,0
2015-01-30,0,0,0,0,0,3,153,158,0,3,0,0,0,0,0
2015-01-31,0,0,0,0,0,8,150,98,1,6,0,0,0,0,0
2015-02-01,0,0,0,0,0,4,117,119,69,3,0,0,0,0,0
2015-02-02,0,0,0,0,0,5,91,119,0,4,0,0,0,0,0
2015-02-03,0,0,0,0,0,6,148,53,-3,5,0,0,0,0,0
2015-02-04,0,0,0,0,0,5,174,48,-1,5,0,0,0,0,0
2015-02-05,0,0,0,0,0,3,204,270,1,2,0,0,0,0,0
2015-02-06,0,0,0,0,0,2,44,0,1,2,0,0,0,0,0
2015-02-07,0,0,0,0,0,9,202,40,0,8,0,0,0,0,0
2015-02-08,0,0,0,0,0,2,141,0,0,1,0,0,0,0,0
2015-02-09,0,0,0,0,0,5,49,52,1,1,0,0,0,0,0
2015-02-10,0,0,0,0,0,6,303,192,0,4,0,0,0,0,0
2015-02-11,0,0,0,0,0,1,33,0,0,1,0,0,0,0,0
2015-02-12,0,0,0,0,0,9,357,488,10,7,0,0,0,0,0
2015-02-13,0,0,0,0,0,1,3,0,0,1,0,0,0,0,0
2015-02-14,0,0,0,0,0,7,196,241,2,4,0,0,0,0,0
2015-02-15,0,0,0,0,0,23,631,374,5,8,0,0,0,0,0
2015-02-16,0,0,0,0,0,9,892,826,1,5,0,0,0,0,0
2015-02-17,0,0,0,0,0,5,120,182,2,3,0,0,0,0,0
2015-02-18,0,0,0,0,0,4,2209,194,0,2,0,0,0,0,0
2015-02-19,0,0,0,0,0,13,153,0,9,13,0,0,0,0,0
2015-02-20,0,0,0,0,0,3,218,45,2,1,0,0,0,0,0
2015-02-21,0,0,0,0,0,3,65,0,1,2,0,0,0,0,0
2015-02-22,0,0,0,0,0,6,103,88,32,6,0,0,0,0,0
2015-02-23,0,0,0,0,0,8,180,244,65,2,0,0,0,0,0
2015-02-24,0,0,0,0,0,6,101,155,30,4,0,0,0,0,0
2015-02-25,0,0,0,0,0,4,78,42,0,1,0,0,0,0,0
2015-02-26,0,0,0,0,0,1,14,17,0,0,0,0,0,0,0
2015-02-27,0,0,0,0,0,14,145,149,3,5,0,0,0,0,0
2015-02-28,0,0,0,0,0,3,152,209,0,2,0,0,0,0,0
2015-03-01,0,0,0,0,0,4,28,3,1,3,0,0,0,0,0
2015-03-02,0,0,0,0,0,15,145,140,1,14,0,0,0,0,0
2015-03-03,0,0,0,0,0,3,87,90,4,1,0,0,0,0,0
2015-03-04,0,0,0,0,0,1,7,6,1,0,0,0,0,0,0
2015-03-05,0,0,0,0,0,7,37,30,0,6,0,0,0,0,0
2015-03-06,0,0,0,0,0,17,147,0,43,16,0,0,0,0,0
2015-03-07,0,0,0,0,0,5,92,140,1,5,0,0,0,0,0
2015-03-08,0,0,0,0,0,5,85,156,0,4,0,0,0,0,0
2015-03-09,0,0,0,0,0,2,29,32,29,1,0,0,0,0,0
2015-03-10,0,0,0,0,0,8,59,0,0,8,0,0,0,0,0
2015-03-11,0,0,0,0,0,2,60,60,0,2,0,0,0,0,0
2015-03-12,0,0,0,0,0,2,24,46,0,2,0,0,0,0,0
2015-03-13,0,0,0,0,0,2,16,0,0,2,0,0,0,0,0
2015-03-14,0,0,0,0,0,18,504,581,53,14,0,0,0,0,0
2015-03-15,0,0,0,0,0,5,159,111,-1,5,0,0,0,0,0
2015-03-16,0,0,0,0,0,9,133,149,0,6,0,0,0,0,0
2015-03-17,0,0,0,0,0,13,150,114,4,9,0,0,0,0,0
2015-03-18,0,0,0,0,0,8,294,276,3,3,0,0,0,0,0
2015-03-19,0,0,0,0,0,3,19,0,0,3,0,0,0,0,0
2015-03-20,0,0,0,0,0,12,114,149,1,6,0,0,0,0,0
2015-03-21,0,0,0,0,0,9,321,40,1,6,0,0,0,0,0
2015-03-22,0,0,0,0,0,1,36,68,0,0,0,0,0,0,0
2015-03-23,0,0,0,0,0,8,37,0,5,7,0,0,0,0,0
2015-03-24,0,0,0,0,0,9,255,228,4,5,0,0,0,0,0
2015-03-25,0,0,0,0,0,13,376,212,27,8,0,0,0,0,0
2015-03-26,0,0,0,0,0,3,26,5,-1,2,0,0,0,0,0
2015-03-27,0,0,0,0,0,2,21,3,0,0,0,0,0,0,0
2015-03-28,0,0,0,0,0,0,0,0,0,0,0,0,0,0,0
2015-03-29,0,0,0,0,0,8,210,158,1,8,0,0,0,0,0
2015-03-30,0,0,0,0,0,0,0,0,0,0,0,0,0,0,0
2015-03-31,0,0,0,0,0,4,41,29,1,3,0,0,0,0,0
2015-04-01,0,0,0,0,0,2,57,74,0,2,0,0,0,0,0
2015-04-02,0,0,0,0,0,2,14,9,-1,1,0,0,0,0,0
2015-04-03,0,0,0,0,0,1,16,25,0,1,0,0,0,0,0
2015-04-04,0,0,0,0,0,29,426,431,33,14,0,0,0,0,0
2015-04-05,0,0,0,0,0,11,219,162,9,4,0,0,0,0,0
2015-04-06,0,0,0,0,0,2,22,0,0,2,0,0,0,0,0
2015-04-07,0,0,0,0,0,2,51,65,2,1,0,0,0,0,0
2015-04-08,0,0,0,0,0,6,65,32,27,5,0,0,0,0,0
2015-04-09,0,0,0,0,0,14,102,0,5,14,0,0,0,0,0
2015-04-10,0,0,0,0,0,4,45,43,1,4,0,0,0,0,0
2015-04-11,0,0,0,0,0,2,42,101,1,1,0,0,0,0,0
2015-04-12,0,0,0,0,0,0,0,0,0,0,0,0,0,0,0
2015-04-13,0,0,0,0,0,0,0,0,0,0,0,0,0,0,0
2015-04-14,0,0,0,0,0,1,29,33,0,1,0,0,0,0,0
2015-04-15,0,0,0,0,0,6,149,0,0,4,0,0,0,0,0
2015-04-16,0,0,0,0,0,5,78,87,10,5,0,0,0,0,0
2015-04-17,0,0,0,0,0,3,30,28,0,1,0,0,0,0,0
2015-04-18,0,0,0,0,0,0,0,0,0,0,0,0,0,0,0
2015-04-19,0,0,0,0,0,2,7,3,0,1,0,0,0,0,0
2015-04-20,0,0,0,0,0,2,17,0,0,1,0,0,0,0,0
2015-04-21,0,0,0,0,0,9,76,0,6,9,0,0,0,0,0
2015-04-22,0,0,0,0,0,0,0,0,0,0,0,0,0,0,0
2015-04-23,0,0,0,0,0,7,43,70,4,7,0,0,0,0,0
2015-04-24,0,0,0,0,0,1,215,0,0,1,0,0,0,0,0
2015-04-25,0,0,0,0,0,2,13,0,2,2,0,0,0,0,0
2015-04-26,0,0,0,0,0,2,11,0,0,2,0,0,0,0,0
2015-04-27,0,0,0,0,0,8,58,64,3,7,0,0,0,0,0
2015-04-28,0,0,0,0,0,11,91,154,1,10,0,0,0,0,0
2015-04-29,0,0,0,0,0,0,0,0,0,0,0,0,0,0,0
2015-04-30,0,0,0,0,0,1,9,0,0,1,0,0,0,0,0
2015-05-01,0,0,0,0,0,0,0,0,0,0,0,0,0,0,0
2015-05-02,0,0,0,0,0,0,0,0,0,0,0,0,0,0,0
2015-05-03,0,0,0,0,0,0,0,0,0,0,0,0,0,0,0
2015-05-04,0,0,0,0,0,7,221,357,4,4,0,0,0,0,0
2015-05-05,0,0,0,0,0,2,13,0,0,2,0,0,0,0,0
2015-05-06,0,0,0,0,0,0,0,0,0,0,0,0,0,0,0
2015-05-07,0,0,0,0,0,8,81,68,115,7,0,0,0,0,0
2015-05-08,0,0,0,0,0,15,144,195,4,13,0,0,0,0,0
2015-05-09,0,0,0,0,0,1,7,0,0,1,0,0,0,0,0
2015-05-10,0,0,0,0,0,1,26,68,3,1,0,0,0,0,0
2015-05-11,0,0,0,0,0,3,73,196,47,3,0,0,0,0,0
2015-05-12,0,0,0,0,0,1,21,41,0,1,0,0,0,0,0
2015-05-13,0,0,0,0,0,1,13,20,0,1,0,0,0,0,0
2015-05-14,0,0,0,0,0,6,35,12,1,6,0,0,0,0,0
2015-05-15,0,0,0,0,0,12,68,34,1,12,0,0,0,0,0
2015-05-16,0,0,0,0,0,0,0,0,0,0,0,0,0,0,0
2015-05-17,0,0,0,0,0,1,7,0,0,1,0,0,0,0,0
2015-05-18,0,0,0,0,0,6,52,58,3,6,0,0,0,0,0
2015-05-19,0,0,0,0,0,0,0,0,0,0,0,0,0,0,0
2015-05-20,0,0,0,0,0,1,18,30,0,1,0,0,0,0,0
2015-05-21,0,0,0,0,0,14,102,0,0,13,0,0,0,0,0
2015-05-22,0,0,0,0,0,2,58,22,0,2,0,0,0,0,0
2015-05-23,0,0,0,0,0,1,30,0,0,1,0,0,0,0,0
2015-05-24,0,0,0,0,0,0,0,0,0,0,0,0,0,0,0
2015-05-25,0,0,0,0,0,0,0,0,0,0,0,0,0,0,0
2015-05-26,0,0,0,0,0,0,0,0,0,0,0,0,0,0,0
2015-05-27,0,0,0,0,0,17,76,0,1,17,0,0,0,0,0
2015-05-28,0,0,0,0,0,1,23,52,1,0,0,0,0,0,0
2015-05-29,0,0,0,0,0,1,9,0,0,1,0,0,0,0,0
2015-05-30,0,0,0,0,0,1,21,44,29,1,0,0,0,0,0
2015-05-31,0,0,0,0,0,4,134,158,0,3,0,0,0,0,0
2015-06-01,0,0,0,0,0,0,0,0,0,0,0,0,0,0,0
2015-06-02,0,0,0,0,0,5,18,0,0,5,0,0,0,0,0
2015-06-03,0,0,0,0,0,0,0,0,0,0,0,0,0,0,0
2015-06-04,0,0,0,0,0,8,197,193,0,6,0,0,0,0,0
2015-06-05,0,0,0,0,0,10,124,33,67,9,0,0,0,0,0
2015-06-06,0,0,0,0,0,1,5,0,1,1,0,0,0,0,0
2015-06-07,0,0,0,0,0,12,71,36,1,12,0,0,0,0,0
2015-06-08,0,0,0,0,0,11,70,0,0,11,0,0,0,0,0
2015-06-09,0,0,0,0,0,6,65,106,3,5,0,0,0,0,0
2015-06-10,0,0,0,0,0,5,27,0,0,5,0,0,0,0,0
2015-06-11,0,0,0,0,0,2,65,0,8,1,0,0,0,0,0
2015-06-12,0,0,0,0,0,2,19,29,0,2,0,0,0,0,0
2015-06-13,0,0,0,0,0,0,0,0,0,0,0,0,0,0,0
2015-06-14,0,0,0,0,0,1,62,77,1,0,0,0,0,0,0
2015-06-15,0,0,0,0,0,1,7,0,0,0,0,0,0,0,0
2015-06-16,0,0,0,0,0,3,29,25,0,3,0,0,0,0,0
2015-06-17,0,0,0,0,0,0,0,0,0,0,0,0,0,0,0
2015-06-18,0,0,0,0,0,2,18,0,0,2,0,0,0,0,0
2015-06-19,0,0,0,0,0,7,72,97,0,6,0,0,0,0,0
2015-06-20,0,0,0,0,0,0,0,0,0,0,0,0,0,0,0
2015-06-21,0,0,0,0,0,7,113,161,0,4,0,0,0,0,0
2015-06-22,0,0,0,0,0,5,44,40,2,4,0,0,0,0,0
2015-06-23,0,0,0,0,0,6,24,0,66,6,0,0,0,0,0
2015-06-24,0,0,0,0,0,1,7,0,0,1,0,0,0,0,0
2015-06-25,0,0,0,0,0,4,255,425,0,1,0,0,0,0,0
2015-06-26,0,0,0,0,0,9,1137,567,95,5,0,0,0,0,0
2015-06-27,0,0,0,0,0,14,655,269,3,9,0,0,0,0,0
2015-06-28,0,0,0,0,0,10,532,542,1,10,0,0,0,0,0
2015-06-29,0,0,0,0,0,11,920,379,2,8,0,0,0,0,0
2015-06-30,0,0,0,0,0,12,1798,688,51,7,0,0,0,0,0
2015-07-01,0,0,0,0,0,20,1603,292,2,10,0,0,0,0,0
2015-07-02,0,0,0,0,0,16,983,461,20,10,0,0,0,0,0
2015-07-03,0,0,0,0,0,13,908,1083,1,9,0,0,0,0,0
2015-07-04,0,0,0,0,0,10,1188,28,1,9,0,0,0,0,0
2015-07-05,0,0,0,0,0,16,764,942,0,6,0,0,0,0,0
2015-07-06,0,0,0,0,0,14,1487,702,0,9,0,0,0,0,0
2015-07-07,0,0,0,0,0,2,199,180,0,0,0,0,0,0,0
2015-07-08,0,0,0,0,0,11,1321,139,0,10,0,0,0,0,0
2015-07-09,0,0,0,0,0,8,511,168,0,1,0,0,0,0,0
2015-07-10,0,0,0,0,0,1,3,5,0,0,0,0,0,0,0
2015-07-11,0,0,0,0,0,3,254,363,8,2,0,0,0,0,0
2015-07-12,0,0,0,0,0,5,899,1266,1,4,0,0,0,0,0
2015-07-13,0,0,0,0,0,13,1190,912,6,6,0,0,0,0,0
2015-07-14,0,0,0,0,0,9,523,332,75,2,0,0,0,0,0
2015-07-15,0,0,0,0,0,3,112,16,0,1,0,0,0,0,0
2015-07-16,0,0,0,0,0,0,0,0,0,0,0,0,0,0,0
2015-07-17,0,0,0,0,0,6,174,303,50,4,0,0,0,0,0
2015-07-18,0,0,0,0,0,0,0,0,0,0,0,0,0,0,0
2015-07-19,0,0,0,0,0,6,52,0,25,6,0,0,0,0,0
2015-07-20,0,0,0,0,0,3,26,0,0,3,0,0,0,0,0
2015-07-21,0,0,0,0,0,1,10,0,1,0,0,0,0,0,0
2015-07-22,0,0,0,0,0,17,279,107,5,10,0,0,0,0,0
2015-07-23,0,0,0,0,0,5,99,74,0,5,0,0,0,0,0
2015-07-24,0,0,0,0,0,0,0,0,0,0,0,0,0,0,0
2015-07-25,0,0,0,0,0,2,37,25,0,2,0,0,0,0,0
2015-07-26,0,0,0,0,0,0,0,0,0,0,0,0,0,0,0
2015-07-27,0,0,0,0,0,0,0,0,0,0,0,0,0,0,0
2015-07-28,0,0,0,0,0,3,7,10,0,0,0,0,0,0,0
2015-07-29,0,0,0,0,0,6,32,30,7,3,0,0,0,0,0
2015-07-30,0,0,0,0,0,6,55,13,0,5,0,0,0,0,0
2015-07-31,0,0,0,0,0,0,0,0,0,0,0,0,0,0,0
2015-08-01,0,0,0,0,0,0,0,0,0,0,0,0,0,0,0
2015-08-02,0,0,0,0,0,1,43,92,0,0,0,0,0,0,0
2015-08-03,0,0,0,0,0,0,0,0,0,0,0,0,0,0,0
2015-08-04,0,0,0,0,0,0,0,0,0,0,0,0,0,0,0
2015-08-05,0,0,0,0,0,0,0,0,0,0,0,0,0,0,0
2015-08-06,0,0,0,0,0,3,34,0,2,3,0,0,0,0,0
2015-08-07,0,0,0,0,0,0,0,0,0,0,0,0,0,0,0
2015-08-08,0,0,0,0,0,0,0,0,0,0,0,0,0,0,0
2015-08-09,0,0,0,0,0,0,0,0,0,0,0,0,0,0,0
2015-08-10,0,0,0,0,0,1,36,55,0,1,0,0,0,0,0
2015-08-11,0,0,0,0,0,1,18,0,0,1,0,0,0,0,0
2015-08-12,0,0,0,0,0,0,0,0,0,0,0,0,0,0,0
2015-08-13,0,0,0,0,0,2,47,73,0,0,0,0,0,0,0
2015-08-14,0,0,0,0,0,4,36,42,1,3,0,0,0,0,0
2015-08-15,0,0,0,0,0,9,50,46,18,8,0,0,0,0,0
2015-08-16,0,0,0,0,0,0,0,0,0,0,0,0,0,0,0
2015-08-17,0,0,0,0,0,0,0,0,0,0,0,0,0,0,0
2015-08-18,0,0,0,0,0,0,0,0,0,0,0,0,0,0,0
2015-08-19,0,0,0,0,0,2,21,17,1,2,0,0,0,0,0
2015-08-20,0,0,0,0,0,12,48,0,5,12,0,0,0,0,0
2015-08-21,0,0,0,0,0,11,72,54,3,10,0,0,0,0,0
2015-08-22,0,0,0,0,0,2,12,0,1,2,0,0,0,0,0
2015-08-23,0,0,0,0,0,1,18,37,0,1,0,0,0,0,0
2015-08-24,0,0,0,0,0,3,28,26,0,2,0,0,0,0,0
2015-08-25,0,0,0,0,0,4,142,49,-1,4,0,0,0,0,0
2015-08-26,0,0,0,0,0,2,20,26,1,2,0,0,0,0,0
2015-08-27,0,0,0,0,0,4,512,111,0,4,0,0,0,0,0
2015-08-28,0,0,0,0,0,1,5,0,0,1,0,0,0,0,0
2015-08-29,0,0,0,0,0,1,4,0,0,1,0,0,0,0,0
2015-08-30,0,0,0,0,0,0,0,0,0,0,0,0,0,0,0
2015-08-31,0,0,0,0,0,3,5,9,29,2,0,0,0,0,0
2015-09-01,0,0,0,0,0,4,26,0,1,3,0,0,0,0,0
2015-09-02,0,0,0,0,0,6,167,0,0,6,0,0,0,0,0
2015-09-03,0,0,0,0,0,6,137,17,0,5,0,0,0,0,0
2015-09-04,0,0,0,0,0,10,146,95,0,9,0,0,0,0,0
2015-09-05,0,0,0,0,0,6,347,0,5,6,0,0,0,0,0
2015-09-06,0,0,0,0,0,4,279,21,0,3,0,0,0,0,0
2015-09-07,0,0,0,0,0,8,811,0,7,7,0,0,0,0,0
2015-09-08,0,0,0,0,0,16,991,87,0,15,0,0,0,0,0
2015-09-09,0,0,0,0,0,11,495,112,-2,8,0,0,0,0,0
2015-09-10,0,0,0,0,0,16,3259,143,3,15,0,0,0,0,0
2015-09-11,0,0,0,0,0,15,1747,79,130,11,0,0,0,0,0
2015-09-12,0,0,0,0,0,4,708,114,1,2,0,0,0,0,0
2015-09-13,0,0,0,0,0,12,2258,40,1,12,0,0,0,0,0
2015-09-14,0,0,0,0,0,10,498,116,66,8,0,0,0,0,0
2015-09-15,0,0,0,0,0,8,653,0,0,8,0,0,0,0,0
2015-09-16,0,0,0,0,0,18,281,73,4,17,0,0,0,0,0
2015-09-17,0,0,0,0,0,16,332,66,1,15,0,0,0,0,0
2015-09-18,0,0,0,0,0,4,267,27,0,3,0,0,0,0,0
2015-09-19,0,0,0,0,0,8,703,210,70,5,0,0,0,0,0
2015-09-20,0,0,0,0,0,10,370,698,3,6,0,0,0,0,0
2015-09-21,0,0,0,0,0,0,0,0,0,0,0,0,0,0,0
2015-09-22,0,0,0,0,0,3,70,118,7,2,0,0,0,0,0
2015-09-23,0,0,0,0,0,2,174,266,0,0,0,0,0,0,0
2015-09-24,0,0,0,0,0,3,46,32,0,3,0,0,0,0,0
2015-09-25,0,0,0,0,0,1,28,0,1,1,0,0,0,0,0
2015-09-26,0,0,0,0,0,7,288,36,2,7,0,0,0,0,0
2015-09-27,0,0,0,0,0,4,22,8,0,3,0,0,0,0,0
2015-09-28,0,0,0,0,0,6,170,187,2,4,0,0,0,0,0
2015-09-29,0,0,0,0,0,4,70,0,1,4,0,0,0,0,0
2015-09-30,0,0,0,0,0,0,0,0,0,0,0,0,0,0,0
2015-10-01,0,0,0,0,0,1,17,0,0,1,0,0,0,0,0
2015-10-02,0,0,0,0,0,4,130,105,0,4,0,0,0,0,0
2015-10-03,0,0,0,0,0,0,0,0,0,0,0,0,0,0,0
2015-10-04,0,0,0,0,0,3,42,0,0,3,0,0,0,0,0
2015-10-05,0,0,0,0,0,3,55,0,0,3,0,0,0,0,0
2015-10-06,0,0,0,0,0,3,210,113,1,3,0,0,0,0,0
2015-10-07,0,0,0,0,0,5,254,72,3,4,0,0,0,0,0
2015-10-08,0,0,0,0,0,0,0,0,0,0,0,0,0,0,0
2015-10-09,0,0,0,0,0,8,333,79,-3,8,0,0,0,0,0
2015-10-10,0,0,0,0,0,0,0,0,0,0,0,0,0,0,0
2015-10-11,0,0,0,0,0,2,2,11,0,0,0,0,0,0,0
2015-10-12,0,0,0,0,0,0,0,0,0,0,0,0,0,0,0
2015-10-13,0,0,0,0,0,1,282,60,0,0,0,0,0,0,0
2015-10-14,0,0,0,0,0,0,0,0,0,0,0,0,0,0,0
2015-10-15,0,0,0,0,0,0,0,0,0,0,0,0,0,0,0
2015-10-16,0,0,0,0,0,2,152,0,0,2,0,0,0,0,0
2015-10-17,0,0,0,0,0,0,0,0,0,0,0,0,0,0,0
2015-10-18,0,0,0,0,0,0,0,0,0,0,0,0,0,0,0
2015-10-19,0,0,0,0,0,3,57,16,69,2,0,0,0,0,0
2015-10-20,0,0,0,0,0,2,28,0,0,2,0,0,0,0,0
2015-10-21,0,0,0,0,0,5,101,80,1,5,0,0,0,0,0
2015-10-22,0,0,0,0,0,2,45,0,0,2,0,0,0,0,0
2015-10-23,0,0,0,0,0,0,0,0,0,0,0,0,0,0,0
2015-10-24,0,0,0,0,0,2,25,51,1,1,0,0,0,0,0
2015-10-25,0,0,0,0,0,0,0,0,0,0,0,0,0,0,0
2015-10-26,0,0,0,0,0,0,0,0,0,0,0,0,0,0,0
2015-10-27,0,0,0,0,0,6,533,38,1,6,0,0,0,0,0
2015-10-28,0,0,0,0,0,1,20,0,0,1,0,0,0,0,0
2015-10-29,0,0,0,0,0,4,77,41,0,2,0,0,0,0,0
2015-10-30,0,0,0,0,0,1,54,48,0,0,0,0,0,0,0
2015-10-31,0,0,0,0,0,1,28,34,0,1,0,0,0,0,0
2015-11-01,0,0,0,0,0,0,0,0,0,0,0,0,0,0,0
2015-11-02,0,0,0,0,0,4,83,31,0,4,0,0,0,0,0
2015-11-03,0,0,0,0,0,4,172,25,0,2,0,0,0,0,0
2015-11-04,0,0,0,0,0,0,0,0,0,0,0,0,0,0,0
2015-11-05,0,0,0,0,0,5,77,43,1,5,0,0,0,0,0
2015-11-06,0,0,0,0,0,0,0,0,0,0,0,0,0,0,0
2015-11-07,0,0,0,0,0,1,20,0,6,1,0,0,0,0,0
2015-11-08,0,0,0,0,0,2,57,65,0,2,0,0,0,0,0
2015-11-09,0,0,0,0,0,0,0,0,0,0,0,0,0,0,0
2015-11-10,0,0,0,0,0,5,108,0,0,4,0,0,0,0,0
2015-11-11,0,0,0,0,0,5,71,42,4,0,0,0,0,0,0
2015-11-12,0,0,0,0,0,0,0,0,0,0,0,0,0,0,0
2015-11-13,0,0,0,0,0,8,4189,26,0,3,0,0,0,0,0
2015-11-14,0,0,0,0,0,4,111,58,1,3,0,0,0,0,0
2015-11-15,0,0,0,0,0,0,0,0,0,0,0,0,0,0,0
2015-11-16,0,0,0,0,0,0,0,0,0,0,0,0,0,0,0
2015-11-17,0,0,0,0,0,6,112,0,5,6,0,0,0,0,0
2015-11-18,0,0,0,0,0,3,8,1,28,2,0,0,0,0,0
2015-11-19,0,0,0,0,0,2,25,0,1,2,0,0,0,0,0
2015-11-20,0,0,0,0,0,5,75,16,1,5,0,0,0,0,0
2015-11-21,0,0,0,0,0,0,0,0,0,0,0,0,0,0,0
2015-11-22,0,0,0,0,0,4,63,63,0,2,0,0,0,0,0
2015-11-23,0,0,0,0,0,1,2,2,0,0,0,0,0,0,0
2015-11-24,0,0,0,0,0,1,23,0,0,1,0,0,0,0,0
2015-11-25,0,0,0,0,0,6,110,0,0,6,0,0,0,0,0
2015-11-26,0,0,0,0,0,0,0,0,0,0,0,0,0,0,0
2015-11-27,0,0,0,0,0,0,0,0,0,0,0,0,0,0,0
2015-11-28,0,0,0,0,0,4,113,80,4,4,0,0,0,0,0
2015-11-29,0,0,0,0,0,5,970,0,-2,1,0,0,0,0,0
2015-11-30,0,0,0,0,0,1,23,0,1,1,0,0,0,0,0
2015-12-01,0,0,0,0,0,1,11,7,0,0,0,0,0,0,0
2015-12-02,0,0,0,0,0,3,400,45,0,3,0,0,0,0,0
2015-12-03,0,0,0,0,0,6,89,12,2,4,0,0,0,0,0
2015-12-04,0,0,0,0,0,4,78,0,0,3,0,0,0,0,0
2015-12-05,0,0,0,0,0,4,67,47,1,4,0,0,0,0,0
2015-12-06,0,0,0,0,0,2,14,0,1,2,0,0,0,0,0
2015-12-07,0,0,0,0,0,3,14,0,0,3,0,0,0,0,0
2015-12-08,0,0,0,0,0,9,136,0,1,8,0,0,0,0,0
2015-12-09,0,0,0,0,0,2,139,0,0,2,0,0,0,0,0
2015-12-10,0,0,0,0,0,6,121,0,1,6,0,0,0,0,0
2015-12-11,0,0,0,0,0,5,95,0,1,5,0,0,0,0,0
2015-12-12,0,0,0,0,0,0,0,0,0,0,0,0,0,0,0
2015-12-13,0,0,0,0,0,1,16,0,0,1,0,0,0,0,0
2015-12-14,0,0,0,0,0,1,16,0,0,1,0,0,0,0,0
2015-12-15,0,0,0,0,0,1,1,0,0,0,0,0,0,0,0
2015-12-16,0,0,0,0,0,7,108,0,0,7,0,0,0,0,0
2015-12-17,0,0,0,0,0,0,0,0,0,0,0,0,0,0,0
2015-12-18,0,0,0,0,0,4,73,0,50,4,0,0,0,0,0
2015-12-19,0,0,0,0,0,5,87,0,50,4,0,0,0,0,0
2015-12-20,0,0,0,0,0,1,22,0,0,1,0,0,0,0,0
2015-12-21,0,0,0,0,0,4,92,56,18,3,0,0,0,0,0
2015-12-22,0,0,0,0,0,11,210,0,2,11,0,0,0,0,0
2015-12-23,0,0,0,0,0,6,157,31,1,6,0,0,0,0,0
2015-12-24,0,0,0,0,0,2,16,0,0,2,0,0,0,0,0
2015-12-25,0,0,0,0,0,0,0,0,0,0,0,0,0,0,0
2015-12-26,0,0,0,0,0,3,223,94,0,3,0,0,0,0,0
2015-12-27,0,0,0,0,0,0,0,0,0,0,0,0,0,0,0
2015-12-28,0,0,0,0,0,0,0,0,0,0,0,0,0,0,0
2015-12-29,0,0,0,0,0,1,158,56,0,1,0,0,0,0,0
2015-12-30,0,0,0,0,0,5,895,32,0,4,0,0,0,0,0
2015-12-31,0,0,0,0,0,3,91,138,116,2,0,0,0,0,0
2016-01-01,0,0,0,0,0,4,37,0,0,3,0,0,0,0,0
2016-01-02,0,0,0,0,0,2,17,24,0,0,0,0,0,0,0
2016-01-03,0,0,0,0,0,0,0,0,0,0,0,0,0,0,0
2016-01-04,0,0,0,0,0,0,0,0,0,0,0,0,0,0,0
2016-01-05,0,0,0,0,0,0,0,0,0,0,0,0,0,0,0
2016-01-06,0,0,0,0,0,0,0,0,0,0,0,0,0,0,0
2016-01-07,0,0,0,0,0,1,8,0,1,1,0,0,0,0,0
2016-01-08,0,0,0,0,0,0,0,0,0,0,0,0,0,0,0
2016-01-09,0,0,0,0,0,2,26,65,0,1,0,0,0,0,0
2016-01-10,0,0,0,0,0,1,37,50,1,0,0,0,0,0,0
2016-01-11,0,0,0,0,0,2,27,29,3,2,0,0,0,0,0
2016-01-12,0,0,0,0,0,4,23,0,2,4,0,0,0,0,0
2016-01-13,0,0,0,0,0,0,0,0,0,0,0,0,0,0,0
2016-01-14,0,0,0,0,0,1,24,22,0,1,0,0,0,0,0
2016-01-15,0,0,0,0,0,3,82,94,0,2,0,0,0,0,0
2016-01-16,0,0,0,0,0,3,113,147,0,2,0,0,0,0,0
2016-01-17,0,0,0,0,0,1,18,11,0,0,0,0,0,0,0
2016-01-18,0,0,0,0,0,5,20,0,0,5,0,0,0,0,0
2016-01-19,0,0,0,0,0,7,47,32,0,7,0,0,0,0,0
2016-01-20,0,0,0,0,0,6,134,30,0,6,0,0,0,0,0
2016-01-21,0,0,0,0,0,8,181,22,26,8,0,0,0,0,0
2016-01-22,0,0,0,0,0,7,305,73,5,7,0,0,0,0,0
2016-01-23,0,0,0,0,0,4,387,32,0,4,0,0,0,0,0
2016-01-24,0,0,0,0,0,0,0,0,0,0,0,0,0,0,0
2016-01-25,0,0,0,0,0,0,0,0,0,0,0,0,0,0,0
2016-01-26,0,0,0,0,0,5,78,0,0,5,0,0,0,0,0
2016-01-27,0,0,0,0,0,4,71,9,1,2,0,0,0,0,0
2016-01-28,0,0,0,0,0,5,79,48,0,4,0,0,0,0,0
2016-01-29,0,0,0,0,0,0,0,0,0,0,0,0,0,0,0
2016-01-30,0,0,0,0,0,3,236,24,7,2,0,0,0,0,0
2016-01-31,0,0,0,0,0,1,19,0,0,1,0,0,0,0,0
2016-02-01,0,0,0,0,0,1,9,0,0,1,0,0,0,0,0
2016-02-02,0,0,0,0,0,1,12,0,0,1,0,0,0,0,0
2016-02-03,0,0,0,0,0,5,58,0,0,5,0,0,0,0,0
2016-02-04,0,0,0,0,0,5,189,23,0,5,0,0,0,0,0
2016-02-05,0,0,0,0,0,4,33,14,1,4,0,0,0,0,0
2016-02-06,0,0,0,0,0,0,0,0,0,0,0,0,0,0,0
2016-02-07,0,0,0,0,0,1,8,0,0,1,0,0,0,0,0
2016-02-08,0,0,0,0,0,2,18,0,0,2,0,0,0,0,0
2016-02-09,0,0,0,0,0,2,20,0,0,2,0,0,0,0,0
2016-02-10,0,0,0,0,0,4,49,40,3,2,0,0,0,0,0
2016-02-11,0,0,0,0,0,9,161,110,5,6,0,0,0,0,0
2016-02-12,0,0,0,0,0,1,72,301,69,0,0,0,0,0,0
2016-02-13,0,0,0,0,0,1,15,55,0,1,0,0,0,0,0
2016-02-14,0,0,0,0,0,0,0,0,0,0,0,0,0,0,0
2016-02-15,0,0,0,0,0,5,451,0,0,5,0,0,0,0,0
2016-02-16,0,0,0,0,0,1,17,0,0,1,0,0,0,0,0
2016-02-17,0,0,0,0,0,7,57,0,0,6,0,0,0,0,0
2016-02-18,0,0,0,0,0,0,0,0,0,0,0,0,0,0,0
2016-02-19,0,0,0,0,0,0,0,0,0,0,0,0,0,0,0
2016-02-20,0,0,0,0,0,2,26,39,2,2,0,0,0,0,0
2016-02-21,0,0,0,0,0,0,0,0,0,0,0,0,0,0,0
2016-02-22,0,0,0,0,0,0,0,0,0,0,0,0,0,0,0
2016-02-23,0,0,0,0,0,4,72,92,0,4,0,0,0,0,0
2016-02-24,0,0,0,0,0,3,34,0,0,2,0,0,0,0,0
2016-02-25,0,0,0,0,0,5,84,0,2,5,0,0,0,0,0
2016-02-26,0,0,0,0,0,0,0,0,0,0,0,0,0,0,0
2016-02-27,0,0,0,0,0,2,58,101,0,1,0,0,0,0,0
2016-02-28,0,0,0,0,0,0,0,0,0,0,0,0,0,0,0
2016-02-29,0,0,0,0,0,0,0,0,0,0,0,0,0,0,0
2016-03-01,0,0,0,0,0,1,4,0,0,1,0,0,0,0,0
2016-03-02,0,0,0,0,0,5,168,49,2,4,0,0,0,0,0
2016-03-03,0,0,0,0,0,2,130,59,0,1,0,0,0,0,0
2016-03-04,0,0,0,0,0,2,124,0,0,2,0,0,0,0,0
2016-03-05,0,0,0,0,0,0,0,0,0,0,0,0,0,0,0
2016-03-06,0,0,0,0,0,0,0,0,0,0,0,0,0,0,0
2016-03-07,0,0,0,0,0,2,23,0,0,2,0,0,0,0,0
2016-03-08,0,0,0,0,0,3,75,110,0,3,0,0,0,0,0
2016-03-09,0,0,0,0,0,2,63,106,0,1,0,0,0,0,0
2016-03-10,0,0,0,0,0,0,0,0,0,0,0,0,0,0,0
2016-03-11,0,0,0,0,0,1,1,9,0,0,0,0,0,0,0
2016-03-12,0,0,0,0,0,1,3,0,1,1,0,0,0,0,0
2016-03-13,0,0,0,0,0,2,43,0,0,2,0,0,0,0,0
2016-03-14,0,0,0,0,0,1,9,0,0,1,0,0,0,0,0
2016-03-15,0,0,0,0,0,1,454,316,0,0,0,0,0,0,0
2016-03-16,0,0,0,0,0,4,334,104,0,3,0,0,0,0,0
2016-03-17,0,0,0,0,0,5,473,42,0,3,0,0,0,0,0
2016-03-18,0,0,0,0,0,2,36,28,0,2,0,0,0,0,0
2016-03-19,0,0,0,0,0,2,12,0,0,2,0,0,0,0,0
2016-03-20,0,0,0,0,0,4,37,0,0,4,0,0,0,0,0
2016-03-21,0,0,0,0,0,2,130,0,0,2,0,0,0,0,0
2016-03-22,0,0,0,0,0,0,0,0,0,0,0,0,0,0,0
2016-03-23,0,0,0,0,0,3,47,0,3,3,2,6,8,0,2
2016-03-24,0,0,0,0,0,4,285,0,2,4,19,90,168,70,19
2016-03-25,0,0,0,0,0,6,376,0,1,6,13,233,102,0,8
2016-03-26,0,0,0,0,0,0,0,0,0,0,12,57,80,0,11
2016-03-27,0,0,0,0,0,0,0,0,0,0,12,237,34,12,9
2016-03-28,0,0,0,0,0,0,0,0,0,0,8,36,44,0,8
2016-03-29,0,0,0,0,0,1,10,0,1,1,39,576,118,2,24
2016-03-30,0,0,0,0,0,2,49,105,-1,1,11,42,63,69,7
2016-03-31,0,0,0,0,0,1,23,44,0,1,18,62,57,1,18
2016-04-01,0,0,0,0,0,9,388,25,1,9,13,47,69,0,10
2016-04-02,0,0,0,0,0,7,86,101,1,6,21,67,144,51,18
2016-04-03,0,0,0,0,0,0,0,0,0,0,35,269,145,56,30
2016-04-04,0,0,0,0,0,0,0,0,0,0,19,103,98,0,18
2016-04-05,0,0,0,0,0,1,12,0,0,1,12,22,42,0,11
2016-04-06,0,0,0,0,0,2,23,0,0,2,8,15,49,0,8
2016-04-07,0,0,0,0,0,3,59,0,0,2,0,0,0,0,0
2016-04-08,0,0,0,0,0,0,0,0,0,0,30,82,167,65,30
2016-04-09,0,0,0,0,0,2,51,105,71,1,10,25,59,0,9
2016-04-10,0,0,0,0,0,0,0,0,0,0,17,64,112,30,17
2016-04-11,0,0,0,0,0,0,0,0,0,0,10,17,34,4,10
2016-04-12,0,0,0,0,0,1,16,36,0,1,8,1,18,0,8
2016-04-13,0,0,0,0,0,10,147,67,6,9,14,44,65,0,12
2016-04-14,0,0,0,0,0,0,0,0,0,0,4,3,21,0,4
2016-04-15,0,0,0,0,0,4,66,113,6,4,13,202,63,-1,6
2016-04-16,0,0,0,0,0,1,35,39,0,1,4,6,23,0,1
2016-04-17,0,0,0,0,0,0,0,0,0,0,0,0,0,0,0
2016-04-18,0,0,0,0,0,5,62,64,1,3,1,3,11,0,1
2016-04-19,0,0,0,0,0,6,58,49,72,5,3,117,0,1,3
2016-04-20,0,0,0,0,0,8,192,79,6,6,3,13,17,0,3
2016-04-21,0,0,0,0,0,0,0,0,0,0,9,44,58,0,9
2016-04-22,0,0,0,0,0,3,22,22,0,3,7,11,31,0,7
2016-04-23,0,0,0,0,0,2,60,103,65,1,15,21,87,29,15
2016-04-24,0,0,0,0,0,0,0,0,0,0,14,27,61,50,14
2016-04-25,0,0,0,0,0,0,0,0,0,0,13,31,57,1,13
2016-04-26,0,0,0,0,0,1,20,0,0,1,11,39,66,1,11
2016-04-27,0,0,0,0,0,0,0,0,0,0,12,37,70,0,11
2016-04-28,0,0,0,0,0,0,0,0,0,0,2,29,5,0,2
2016-04-29,0,0,0,0,0,0,0,0,0,0,5,20,92,62,5
2016-04-30,0,0,0,0,0,1,12,0,0,1,5,112,21,0,5
2016-05-01,0,0,0,0,0,3,51,0,2,3,5,65,27,9,3
2016-05-02,0,0,0,0,0,0,0,0,0,0,4,5,27,0,4
2016-05-03,0,0,0,0,0,0,0,0,0,0,6,52,95,53,6
2016-05-04,0,0,0,0,0,1,15,0,0,1,5,9,15,0,4
2016-05-05,0,0,0,0,0,1,21,35,0,1,14,26,79,1,14
2016-05-06,0,0,0,0,0,5,115,153,18,4,15,45,110,50,15
2016-05-07,0,0,0,0,0,0,0,0,0,0,24,52,92,5,21
2016-05-08,0,0,0,0,0,2,28,43,1,2,16,328,58,78,12
2016-05-09,0,0,0,0,0,2,54,0,0,1,7,55,42,9,7
2016-05-10,0,0,0,0,0,1,141,0,0,1,4,33,12,0,3
2016-05-11,0,0,0,0,0,0,0,0,0,0,7,35,96,0,6
2016-05-12,0,0,0,0,0,0,0,0,0,0,6,12,19,1,6
2016-05-13,0,0,0,0,0,0,0,0,0,0,3,73,0,0,3
2016-05-14,0,0,0,0,0,0,0,0,0,0,3,11,16,0,3
2016-05-15,0,0,0,0,0,0,0,0,0,0,8,32,74,50,8
2016-05-16,0,0,0,0,0,0,0,0,0,0,5,10,27,0,3
2016-05-17,0,0,0,0,0,1,8,0,0,1,6,15,22,5,6
2016-05-18,0,0,0,0,0,0,0,0,0,0,2,0,20,0,2
2016-05-19,0,0,0,0,0,0,0,0,0,0,3,17,36,0,3
2016-05-20,0,0,0,0,0,6,41,0,0,5,10,29,56,0,10
2016-05-21,0,0,0,0,0,2,53,0,0,2,19,158,214,28,19
2016-05-22,0,0,0,0,0,10,63,37,9,8,42,477,297,38,32
2016-05-23,0,0,0,0,0,1,20,0,0,1,13,60,71,0,13
2016-05-24,0,0,0,0,0,3,24,0,0,3,33,148,164,5,30
2016-05-25,0,0,0,0,0,0,0,0,0,0,3,15,21,0,3
2016-05-26,0,0,0,0,0,1,42,0,1,1,8,46,72,0,8
2016-05-27,0,0,0,0,0,6,231,111,0,6,8,35,54,0,8
2016-05-28,0,0,0,0,0,0,0,0,0,0,19,76,118,-1,19
2016-05-29,0,0,0,0,0,0,0,0,0,0,18,74,80,8,18
2016-05-30,0,0,0,0,0,1,15,0,0,1,11,24,54,70,11
2016-05-31,0,0,0,0,0,0,0,0,0,0,13,64,45,0,13
2016-06-01,0,0,0,0,0,3,75,0,0,3,14,80,76,0,14
2016-06-02,0,0,0,0,0,0,0,0,0,0,21,74,93,0,21
2016-06-03,0,0,0,0,0,0,0,0,0,0,6,20,47,0,6
2016-06-04,0,0,0,0,0,0,0,0,0,0,24,42,79,1,20
2016-06-05,0,0,0,0,0,0,0,0,0,0,4,27,6,0,4
2016-06-06,0,0,0,0,0,3,70,73,-2,2,18,138,77,94,17
2016-06-07,0,0,0,0,0,1,56,62,0,1,20,61,69,84,18
2016-06-08,0,0,0,0,0,2,30,0,0,2,5,38,20,0,5
2016-06-09,0,0,0,0,0,1,20,0,0,1,8,32,19,0,8
2016-06-10,0,0,0,0,0,0,0,0,0,0,10,22,37,0,10
2016-06-11,0,0,0,0,0,3,42,0,0,3,3,21,10,0,3
2016-06-12,0,0,0,0,0,0,0,0,0,0,10,34,27,0,7
2016-06-13,0,0,0,0,0,3,56,63,1,3,7,115,0,0,6
2016-06-14,0,0,0,0,0,0,0,0,0,0,10,122,19,2,8
2016-06-15,0,0,0,0,0,7,180,247,1,6,7,31,18,1,7
2016-06-16,0,0,0,0,0,0,0,0,0,0,21,97,65,2,19
2016-06-17,0,0,0,0,0,0,0,0,0,0,7,47,37,0,7
2016-06-18,0,0,0,0,0,0,0,0,0,0,10,24,57,0,10
2016-06-19,0,0,0,0,0,0,0,0,0,0,5,7,21,0,5
2016-06-20,0,0,0,0,0,0,0,0,0,0,7,32,29,1,7
2016-06-21,0,0,0,0,0,3,41,0,0,3,25,65,129,56,25
2016-06-22,0,0,0,0,0,2,20,36,1,1,3,16,14,0,3
2016-06-23,0,0,0,0,0,2,28,5,0,2,6,26,46,0,6
2016-06-24,0,0,0,0,0,6,114,109,0,4,13,124,151,10,12
2016-06-25,0,0,0,0,0,3,100,121,0,2,33,73,144,3,22
2016-06-26,0,0,0,0,0,1,28,7,0,1,11,41,83,0,11
2016-06-27,0,0,0,0,0,1,7,0,0,1,14,80,70,8,14
2016-06-28,0,0,0,0,0,0,0,0,0,0,18,30,49,64,16
2016-06-29,0,0,0,0,0,0,0,0,0,0,15,50,56,0,15
2016-06-30,0,0,0,0,0,4,70,0,0,4,22,115,76,29,22
2016-07-01,0,0,0,0,0,0,0,0,0,0,17,36,68,28,17
2016-07-02,0,0,0,0,0,0,0,0,0,0,10,51,61,0,10
2016-07-03,0,0,0,0,0,0,0,0,0,0,32,106,172,2,32
2016-07-04,0,0,0,0,0,3,44,0,0,3,13,63,80,0,12
2016-07-05,0,0,0,0,0,4,76,0,0,4,0,0,0,0,0
2016-07-06,0,0,0,0,0,2,55,36,0,2,6,20,37,0,6
2016-07-07,0,0,0,0,0,1,41,39,0,1,16,83,130,2,15
2016-07-08,0,0,0,0,0,3,67,0,6,3,10,47,69,0,10
2016-07-09,0,0,0,0,0,8,217,30,12,7,20,105,85,0,20
2016-07-10,0,0,0,0,0,2,58,21,1,2,14,61,88,1,14
2016-07-11,0,0,0,0,0,1,5,0,0,1,15,38,79,1,13
2016-07-12,0,0,0,0,0,2,40,0,0,2,23,39,92,0,17
2016-07-13,0,0,0,0,0,2,55,81,1,1,14,52,87,0,14
2016-07-14,0,0,0,0,0,1,22,0,0,1,20,87,60,2,18
2016-07-15,0,0,0,0,0,1,137,27,0,0,18,40,78,1,15
2016-07-16,0,0,0,0,0,0,0,0,0,0,24,62,156,0,21
2016-07-17,0,0,0,0,0,0,0,0,0,0,30,89,132,0,30
2016-07-18,0,0,0,0,0,0,0,0,0,0,11,30,56,0,11
2016-07-19,0,0,0,0,0,1,24,0,1,1,11,17,33,69,11
2016-07-20,0,0,0,0,0,5,47,39,25,4,12,31,70,0,11
2016-07-21,0,0,0,0,0,7,108,31,3,6,7,20,22,28,7
2016-07-22,0,0,0,0,0,4,119,141,0,4,21,40,87,2,17
2016-07-23,0,0,0,0,0,1,11,0,0,1,7,17,39,0,6
2016-07-24,0,0,0,0,0,0,0,0,0,0,18,41,132,0,18
2016-07-25,0,0,0,0,0,0,0,0,0,0,15,37,100,0,12
2016-07-26,0,0,0,0,0,4,407,0,53,4,22,66,143,99,21
2016-07-27,0,0,0,0,0,2,16,0,52,2,13,30,55,4,13
2016-07-28,0,0,0,0,0,3,41,0,1,3,19,47,68,0,19
2016-07-29,0,0,0,0,0,2,12,0,1,2,7,21,47,1,7
2016-07-30,0,0,0,0,0,0,0,0,0,0,21,79,140,0,19
2016-07-31,0,0,0,0,0,1,9,0,0,1,13,32,64,1,13
2016-08-01,0,0,0,0,0,2,41,0,1,1,25,70,75,0,25
2016-08-02,0,0,0,0,0,2,55,109,0,1,15,42,93,0,13
2016-08-03,0,0,0,0,0,2,25,0,0,2,27,51,36,1,27
2016-08-04,0,0,0,0,0,0,0,0,0,0,29,69,67,0,26
2016-08-05,0,0,0,0,0,0,0,0,0,0,8,23,26,0,8
2016-08-06,0,0,0,0,0,0,0,0,0,0,24,77,64,78,24
2016-08-07,0,0,0,0,0,0,0,0,0,0,18,54,80,11,18
2016-08-08,0,0,0,0,0,1,6,0,2,1,14,31,31,0,14
2016-08-09,0,0,0,0,0,1,51,107,0,0,28,95,127,63,27
2016-08-10,0,0,0,0,0,2,69,81,0,2,28,109,104,28,27
2016-08-11,0,0,0,0,0,1,18,0,0,1,4,26,26,1,4
2016-08-12,0,0,0,0,0,0,0,0,0,0,12,58,42,79,10
2016-08-13,0,0,0,0,0,0,0,0,0,0,39,141,135,27,33
2016-08-14,0,0,0,0,0,0,0,0,0,0,25,59,76,188,25
2016-08-15,0,0,0,0,0,6,110,202,7,5,15,56,91,40,15
2016-08-16,0,0,0,0,0,1,26,0,0,0,19,66,64,0,19
2016-08-17,0,0,0,0,0,3,69,0,0,3,13,76,66,0,13
2016-08-18,0,0,0,0,0,0,0,0,0,0,14,62,51,1,12
2016-08-19,0,0,0,0,0,0,0,0,0,0,11,45,37,69,11
2016-08-20,0,0,0,0,0,0,0,0,0,0,12,50,79,0,12
2016-08-21,0,0,0,0,0,0,0,0,0,0,2,10,6,0,2
2016-08-22,0,0,0,0,0,0,0,0,0,0,12,36,36,3,12
2016-08-23,0,0,0,0,0,1,13,0,0,1,9,22,32,-3,7
2016-08-24,0,0,0,0,0,4,140,99,0,4,8,15,27,0,8
2016-08-25,0,0,0,0,0,2,33,0,0,2,14,48,72,-6,12
2016-08-26,0,0,0,0,0,1,9,0,0,1,7,30,25,-1,7
2016-08-27,0,0,0,0,0,1,44,79,0,1,18,56,53,66,18
2016-08-28,0,0,0,0,0,1,7,0,0,0,7,32,47,0,7
2016-08-29,0,0,0,0,0,0,0,0,0,0,7,23,36,0,7
2016-08-30,0,0,0,0,0,0,0,0,0,0,17,53,59,29,17
2016-08-31,0,0,0,0,0,1,24,0,0,1,13,36,43,66,10
2016-09-01,0,0,0,0,0,3,77,67,65,3,13,35,30,0,13
2016-09-02,0,0,0,0,0,3,100,137,0,2,15,70,81,0,15
2016-09-03,0,0,0,0,0,0,0,0,0,0,4,16,24,0,4
2016-09-04,0,0,0,0,0,0,0,0,0,0,21,61,63,0,20
2016-09-05,0,0,0,0,0,7,297,64,3,7,14,40,48,33,13
2016-09-06,0,0,0,0,0,1,37,91,0,1,15,38,37,2,15
2016-09-07,0,0,0,0,0,1,12,0,0,0,11,31,23,0,11
2016-09-08,0,0,0,0,0,3,49,0,0,2,13,21,18,101,13
2016-09-09,0,0,0,0,0,0,0,0,0,0,19,41,26,0,19
2016-09-10,0,0,0,0,0,1,71,128,2,0,25,92,92,65,25
2016-09-11,0,0,0,0,0,1,24,73,65,0,9,18,6,0,9
2016-09-12,0,0,0,0,0,5,43,41,76,5,11,31,30,2,9
2016-09-13,0,0,0,0,0,5,70,66,0,3,17,38,36,-2,14
2016-09-14,0,0,0,0,0,4,172,42,1,4,11,32,31,0,11
2016-09-15,0,0,0,0,0,6,279,0,0,6,7,26,26,50,6
2016-09-16,0,0,0,0,0,3,97,80,0,3,7,47,37,0,7
2016-09-17,0,0,0,0,0,0,0,0,0,0,20,98,70,8,18
2016-09-18,0,0,0,0,0,4,86,141,0,4,25,80,69,65,23
2016-09-19,0,0,0,0,0,0,0,0,0,0,5,22,13,0,5
2016-09-20,0,0,0,0,0,2,14,0,0,2,11,52,59,7,11
2016-09-21,0,0,0,0,0,3,240,0,25,3,20,94,139,67,19
2016-09-22,0,0,0,0,0,7,57,0,100,6,9,52,57,0,9
2016-09-23,0,0,0,0,0,6,363,66,0,5,11,44,62,13,9
2016-09-24,0,0,0,0,0,0,0,0,0,0,25,81,89,77,24
2016-09-25,0,0,0,0,0,0,0,0,0,0,11,54,54,0,11
2016-09-26,0,0,0,0,0,1,75,111,0,0,12,52,44,0,10
2016-09-27,0,0,0,0,0,4,118,87,71,2,27,95,48,1,23
2016-09-28,0,0,0,0,0,4,39,28,0,3,28,166,125,20,25
2016-09-29,0,0,0,0,0,7,61,0,1,5,13,49,26,0,13
2016-09-30,0,0,0,0,0,4,56,75,0,4,24,107,48,1,21
2016-10-01,0,0,0,0,0,5,69,0,1,4,26,134,111,0,25
2016-10-02,0,0,0,0,0,0,0,0,0,0,6,19,19,0,6
2016-10-03,0,0,0,0,0,4,48,33,0,4,27,145,113,2,25
2016-10-04,0,0,0,0,0,15,300,146,27,11,14,73,26,0,14
2016-10-05,0,0,0,0,0,0,0,0,0,0,17,99,39,74,17
2016-10-06,0,0,0,0,0,6,101,0,0,5,21,136,90,8,19
2016-10-07,0,0,0,0,0,6,75,0,1,5,7,62,43,0,7
2016-10-08,0,0,0,0,0,3,152,0,1,1,4,16,4,0,4
2016-10-09,0,0,0,0,0,0,0,0,0,0,11,76,37,66,9
2016-10-10,35,2231,445,9,25,3,80,0,2,2,14,119,67,65,13
2016-10-11,39,1528,1283,15,28,1,42,81,0,1,25,144,67,13,23
2016-10-12,46,1414,860,14,29,1,34,0,0,1,10,51,56,0,10
2016-10-13,45,1946,1389,181,27,2,19,0,0,2,40,257,128,79,39
2016-10-14,77,2965,1072,66,37,2,23,0,0,2,21,132,38,0,21
2016-10-15,20,1736,988,62,9,3,71,54,1,2,9,66,48,0,8
2016-10-16,29,1924,1573,70,20,0,0,0,0,0,19,129,98,0,19
2016-10-17,34,1204,334,9,20,2,16,0,0,2,19,98,39,0,19
2016-10-18,58,2909,1509,33,34,0,0,0,0,0,11,58,35,0,11
2016-10-19,40,1715,508,8,27,0,0,0,0,0,7,47,22,1,7
2016-10-20,40,1464,1045,89,28,0,0,0,0,0,14,110,58,0,14
2016-10-21,34,1316,835,6,22,0,0,0,0,0,5,36,7,50,5
2016-10-22,13,502,430,0,11,0,0,0,0,0,11,94,63,50,11
2016-10-23,30,966,735,19,22,0,0,0,0,0,3,25,8,0,3
2016-10-24,70,2734,1208,271,45,6,231,0,0,2,5,23,13,0,5
2016-10-25,53,1705,1510,101,38,1,24,0,0,1,12,70,17,67,12
2016-10-26,22,1250,2016,13,9,4,88,42,1,3,1,3,2,0,1
2016-10-27,49,3099,1240,52,25,9,101,30,1,7,21,133,128,0,21
2016-10-28,26,1316,1865,64,14,8,108,43,3,7,3,19,7,0,3
2016-10-29,60,2725,1606,21,39,8,187,137,3,4,2,13,9,0,2
2016-10-30,66,2920,1328,295,44,14,227,256,5,12,4,21,21,0,4
2016-10-31,88,2866,1155,72,54,2,38,0,0,2,8,44,22,0,8
2016-11-01,53,2300,472,128,36,1,114,224,0,1,1,2,1,0,1
2016-11-02,28,1330,854,58,17,1,14,0,0,1,4,22,12,8,4
2016-11-03,62,2371,1579,2,39,4,37,0,25,4,1,4,7,0,1
2016-11-04,40,1955,2178,86,26,2,44,0,0,2,10,99,87,1,10
2016-11-05,20,1543,949,66,16,0,0,0,0,0,4,25,21,0,4
2016-11-06,30,1128,766,162,22,0,0,0,0,0,1,5,3,0,1
2016-11-07,31,821,1068,14,22,0,0,0,0,0,2,23,14,0,2
2016-11-08,42,1682,535,48,23,2,185,175,69,2,5,17,13,0,5
2016-11-09,49,11688,498,80,34,3,59,118,8,3,2,12,16,0,2
2016-11-10,39,1618,651,110,28,0,0,0,0,0,9,32,21,0,9
2016-11-11,53,2932,1318,29,30,1,12,0,0,0,3,10,12,0,3
2016-11-12,39,1502,675,83,25,1,26,0,0,1,5,27,18,0,5
2016-11-13,24,1135,1405,221,22,1,25,0,0,1,2,27,58,0,2
2016-11-14,56,6438,1743,200,35,0,0,0,0,0,2,5,1,0,2
2016-11-15,60,3332,742,95,35,4,158,120,0,3,11,63,52,0,11
2016-11-16,56,3061,1252,58,33,0,0,0,0,0,10,42,47,0,10
2016-11-17,51,4731,1244,43,40,1,31,46,0,1,5,27,15,0,5
2016-11-18,51,1743,1037,427,37,2,22,0,0,1,6,50,30,0,6
2016-11-19,58,2309,1882,219,27,0,0,0,0,0,3,20,16,0,3
2016-11-20,25,1301,952,88,18,2,17,0,0,1,5,40,45,0,5
2016-11-21,46,3780,780,43,35,2,287,110,1,1,6,36,16,3,6
2016-11-22,42,1111,790,21,32,0,0,0,0,0,1,5,2,0,1
2016-11-23,60,1458,1009,111,38,3,74,157,69,3,7,43,17,1,7
2016-11-24,42,2229,940,75,26,0,0,0,0,0,6,17,15,0,6
2016-11-25,38,1990,404,28,27,1,23,0,0,1,7,46,22,9,7
2016-11-26,62,10125,1025,59,42,0,0,0,0,0,7,33,21,0,7
2016-11-27,32,10077,1510,58,24,0,0,0,0,0,1,5,7,0,1
2016-11-28,69,1989,1011,234,49,3,36,0,0,2,7,15,13,0,7
2016-11-29,37,1541,894,67,30,3,92,132,0,2,1,4,1,0,1
2016-11-30,54,2898,1482,11,34,0,0,0,0,0,0,0,0,0,0
2016-12-01,46,1407,1259,141,29,1,33,0,0,1,7,43,44,0,7
2016-12-02,25,985,563,66,16,17,392,271,0,17,4,16,15,0,4
2016-12-03,49,1882,1316,9,34,1,47,91,1,1,3,9,3,0,3
2016-12-04,33,1419,808,5,24,2,25,16,0,0,7,47,50,0,7
2016-12-05,41,1227,610,152,24,11,481,0,7,7,3,15,31,16,3
2016-12-06,93,2253,1008,99,33,6,281,486,7,5,4,36,42,0,4
2016-12-07,45,1731,325,8,29,1,25,0,0,1,5,10,9,0,5
2016-12-08,43,2235,1334,5,33,9,104,0,5,8,4,10,18,0,4
2016-12-09,97,2646,1497,275,62,9,144,151,1,8,4,11,21,0,4
2016-12-10,51,3003,757,88,25,5,162,115,3,4,9,32,34,2,9
2016-12-11,36,1363,834,17,24,1,32,0,1,1,10,37,27,0,10
2016-12-12,36,1314,800,-3,25,4,68,37,0,4,4,7,7,0,4
2016-12-13,41,1495,1165,35,30,9,266,151,4,8,5,20,15,1,5
2016-12-14,54,2184,773,94,37,1,10,0,0,1,6,23,28,0,6
2016-12-15,102,4239,1574,65,49,6,98,95,3,4,7,19,22,67,7
2016-12-16,61,3167,1002,176,40,2,48,90,25,1,5,16,22,0,5
2016-12-17,38,1276,509,6,28,0,0,0,0,0,2,6,6,0,2
